{
  "et-upload-test" : {
    "transaction" : "et-upload-test",
    "sampleCount" : 16,
    "errorCount" : 0,
    "errorPct" : 0.0,
    "meanResTime" : 1090.5000000000002,
    "medianResTime" : 1195.0,
    "minResTime" : 162.0,
    "maxResTime" : 1803.0,
    "pct1ResTime" : 1742.1000000000001,
    "pct2ResTime" : 1803.0,
    "pct3ResTime" : 1803.0,
    "throughput" : 3.92349190779794,
    "receivedKBytesPerSec" : 0.08046223639038744,
    "sentKBytesPerSec" : 0.0
  },
  "Total" : {
    "transaction" : "Total",
    "sampleCount" : 16,
    "errorCount" : 0,
    "errorPct" : 0.0,
    "meanResTime" : 1090.5000000000002,
    "medianResTime" : 1195.0,
    "minResTime" : 162.0,
    "maxResTime" : 1803.0,
    "pct1ResTime" : 1742.1000000000001,
    "pct2ResTime" : 1803.0,
    "pct3ResTime" : 1803.0,
    "throughput" : 3.92349190779794,
    "receivedKBytesPerSec" : 0.08046223639038744,
    "sentKBytesPerSec" : 0.0
  }
}