{
  "et-upload-test" : {
    "transaction" : "et-upload-test",
    "sampleCount" : 32,
    "errorCount" : 0,
    "errorPct" : 0.0,
    "meanResTime" : 1802.84375,
    "medianResTime" : 2050.5,
    "minResTime" : 165.0,
    "maxResTime" : 3195.0,
    "pct1ResTime" : 2633.7,
    "pct2ResTime" : 3097.4999999999995,
    "pct3ResTime" : 3195.0,
    "throughput" : 3.6913138770331066,
    "receivedKBytesPerSec" : 0.075700772868843,
    "sentKBytesPerSec" : 0.0
  },
  "Total" : {
    "transaction" : "Total",
    "sampleCount" : 32,
    "errorCount" : 0,
    "errorPct" : 0.0,
    "meanResTime" : 1802.84375,
    "medianResTime" : 2050.5,
    "minResTime" : 165.0,
    "maxResTime" : 3195.0,
    "pct1ResTime" : 2633.7,
    "pct2ResTime" : 3097.4999999999995,
    "pct3ResTime" : 3195.0,
    "throughput" : 3.6913138770331066,
    "receivedKBytesPerSec" : 0.075700772868843,
    "sentKBytesPerSec" : 0.0
  }
}